--------------------------------------------------------
--  File created - Tuesday-October-03-2017   
--------------------------------------------------------
--------------------------------------------------------
--  DDL for Table BILL_PAYMENT
--------------------------------------------------------

  CREATE TABLE "BATMAN12"."BILL_PAYMENT" 
   (	"BILL_NO" NUMBER, 
	"SUBTOTAL" NUMBER, 
	"TOTAL" NUMBER, 
	"DISCOUNT" VARCHAR2(20 BYTE), 
	"TAX" VARCHAR2(20 BYTE), 
	"BILL_DATE" DATE
   ) SEGMENT CREATION IMMEDIATE 
  PCTFREE 10 PCTUSED 40 INITRANS 1 MAXTRANS 255 NOCOMPRESS LOGGING
  STORAGE(INITIAL 65536 NEXT 1048576 MINEXTENTS 1 MAXEXTENTS 2147483645
  PCTINCREASE 0 FREELISTS 1 FREELIST GROUPS 1 BUFFER_POOL DEFAULT FLASH_CACHE DEFAULT CELL_FLASH_CACHE DEFAULT)
  TABLESPACE "SYSTEM" ;
--------------------------------------------------------
--  DDL for Table CUST_DETAILS
--------------------------------------------------------

  CREATE TABLE "BATMAN12"."CUST_DETAILS" 
   (	"CUST_ID" NUMBER, 
	"NAME" VARCHAR2(20 BYTE), 
	"ADDRESS" VARCHAR2(20 BYTE), 
	"PHONE_NO" NUMBER, 
	"EMAIL_ID" VARCHAR2(20 BYTE)
   ) SEGMENT CREATION IMMEDIATE 
  PCTFREE 10 PCTUSED 40 INITRANS 1 MAXTRANS 255 NOCOMPRESS LOGGING
  STORAGE(INITIAL 65536 NEXT 1048576 MINEXTENTS 1 MAXEXTENTS 2147483645
  PCTINCREASE 0 FREELISTS 1 FREELIST GROUPS 1 BUFFER_POOL DEFAULT FLASH_CACHE DEFAULT CELL_FLASH_CACHE DEFAULT)
  TABLESPACE "SYSTEM" ;
--------------------------------------------------------
--  DDL for Table DATABASE_LOGIN
--------------------------------------------------------

  CREATE TABLE "BATMAN12"."DATABASE_LOGIN" 
   (	"USERNAME" VARCHAR2(20 BYTE), 
	"PASSWORD" VARCHAR2(20 BYTE)
   ) SEGMENT CREATION IMMEDIATE 
  PCTFREE 10 PCTUSED 40 INITRANS 1 MAXTRANS 255 NOCOMPRESS LOGGING
  STORAGE(INITIAL 65536 NEXT 1048576 MINEXTENTS 1 MAXEXTENTS 2147483645
  PCTINCREASE 0 FREELISTS 1 FREELIST GROUPS 1 BUFFER_POOL DEFAULT FLASH_CACHE DEFAULT CELL_FLASH_CACHE DEFAULT)
  TABLESPACE "SYSTEM" ;
--------------------------------------------------------
--  DDL for Table DURATION
--------------------------------------------------------

  CREATE TABLE "BATMAN12"."DURATION" 
   (	"DURATION_ID" NUMBER, 
	"CHECKIN" DATE, 
	"CHECKOUT" DATE, 
	"STATUS" VARCHAR2(20 BYTE)
   ) SEGMENT CREATION IMMEDIATE 
  PCTFREE 10 PCTUSED 40 INITRANS 1 MAXTRANS 255 NOCOMPRESS LOGGING
  STORAGE(INITIAL 65536 NEXT 1048576 MINEXTENTS 1 MAXEXTENTS 2147483645
  PCTINCREASE 0 FREELISTS 1 FREELIST GROUPS 1 BUFFER_POOL DEFAULT FLASH_CACHE DEFAULT CELL_FLASH_CACHE DEFAULT)
  TABLESPACE "SYSTEM" ;
--------------------------------------------------------
--  DDL for Table EXTRA_CHARGES
--------------------------------------------------------

  CREATE TABLE "BATMAN12"."EXTRA_CHARGES" 
   (	"ID_EXTRA_CHARGES" NUMBER, 
	"RESTAURANT_CHARGES" NUMBER, 
	"GAME_CHARGES" NUMBER, 
	"LAUNDARY_CHARGES" NUMBER, 
	"SERVICE_CHARGES" NUMBER
   ) SEGMENT CREATION IMMEDIATE 
  PCTFREE 10 PCTUSED 40 INITRANS 1 MAXTRANS 255 NOCOMPRESS LOGGING
  STORAGE(INITIAL 65536 NEXT 1048576 MINEXTENTS 1 MAXEXTENTS 2147483645
  PCTINCREASE 0 FREELISTS 1 FREELIST GROUPS 1 BUFFER_POOL DEFAULT FLASH_CACHE DEFAULT CELL_FLASH_CACHE DEFAULT)
  TABLESPACE "SYSTEM" ;
--------------------------------------------------------
--  DDL for Table ROOM_DETAILS
--------------------------------------------------------

  CREATE TABLE "BATMAN12"."ROOM_DETAILS" 
   (	"ROOM_NO" NUMBER, 
	"ROOM_COST" NUMBER, 
	"FLOOR_NO" NUMBER, 
	"ROOM_TYPE" VARCHAR2(20 BYTE), 
	"AC_NONAC_ROOM" VARCHAR2(20 BYTE)
   ) SEGMENT CREATION IMMEDIATE 
  PCTFREE 10 PCTUSED 40 INITRANS 1 MAXTRANS 255 NOCOMPRESS LOGGING
  STORAGE(INITIAL 65536 NEXT 1048576 MINEXTENTS 1 MAXEXTENTS 2147483645
  PCTINCREASE 0 FREELISTS 1 FREELIST GROUPS 1 BUFFER_POOL DEFAULT FLASH_CACHE DEFAULT CELL_FLASH_CACHE DEFAULT)
  TABLESPACE "SYSTEM" ;
REM INSERTING into BATMAN12.BILL_PAYMENT
SET DEFINE OFF;
Insert into BATMAN12.BILL_PAYMENT (BILL_NO,SUBTOTAL,TOTAL,DISCOUNT,TAX,BILL_DATE) values (1,12000,15000,'2%','4%',to_date('03-APR-17','DD-MON-RR'));
Insert into BATMAN12.BILL_PAYMENT (BILL_NO,SUBTOTAL,TOTAL,DISCOUNT,TAX,BILL_DATE) values (2,10000,20000,'5%','3%',to_date('02-APR-17','DD-MON-RR'));
Insert into BATMAN12.BILL_PAYMENT (BILL_NO,SUBTOTAL,TOTAL,DISCOUNT,TAX,BILL_DATE) values (3,5000,8000,'7%','3%',to_date('17-APR-17','DD-MON-RR'));
Insert into BATMAN12.BILL_PAYMENT (BILL_NO,SUBTOTAL,TOTAL,DISCOUNT,TAX,BILL_DATE) values (4,1000,3000,'3%','5%',to_date('24-APR-17','DD-MON-RR'));
Insert into BATMAN12.BILL_PAYMENT (BILL_NO,SUBTOTAL,TOTAL,DISCOUNT,TAX,BILL_DATE) values (5,4500,9000,'6%','8%',to_date('08-APR-17','DD-MON-RR'));
Insert into BATMAN12.BILL_PAYMENT (BILL_NO,SUBTOTAL,TOTAL,DISCOUNT,TAX,BILL_DATE) values (6,9000,15000,'6%','1%',to_date('13-MAR-17','DD-MON-RR'));
Insert into BATMAN12.BILL_PAYMENT (BILL_NO,SUBTOTAL,TOTAL,DISCOUNT,TAX,BILL_DATE) values (7,23000,27000,'4%','9%',to_date('09-APR-17','DD-MON-RR'));
Insert into BATMAN12.BILL_PAYMENT (BILL_NO,SUBTOTAL,TOTAL,DISCOUNT,TAX,BILL_DATE) values (8,12300,17500,'7%','8%',to_date('02-JUN-17','DD-MON-RR'));
Insert into BATMAN12.BILL_PAYMENT (BILL_NO,SUBTOTAL,TOTAL,DISCOUNT,TAX,BILL_DATE) values (9,12450,16000,'3%','8%',to_date('01-MAY-17','DD-MON-RR'));
Insert into BATMAN12.BILL_PAYMENT (BILL_NO,SUBTOTAL,TOTAL,DISCOUNT,TAX,BILL_DATE) values (10,11000,15000,'5%','9%',to_date('17-JAN-17','DD-MON-RR'));
Insert into BATMAN12.BILL_PAYMENT (BILL_NO,SUBTOTAL,TOTAL,DISCOUNT,TAX,BILL_DATE) values (11,3000,9000,'2%','2%',to_date('08-MAR-17','DD-MON-RR'));
Insert into BATMAN12.BILL_PAYMENT (BILL_NO,SUBTOTAL,TOTAL,DISCOUNT,TAX,BILL_DATE) values (12,12000,15000,'5%','6%',to_date('22-JAN-17','DD-MON-RR'));
Insert into BATMAN12.BILL_PAYMENT (BILL_NO,SUBTOTAL,TOTAL,DISCOUNT,TAX,BILL_DATE) values (13,4000,6000,'1%','6%',to_date('19-FEB-17','DD-MON-RR'));
Insert into BATMAN12.BILL_PAYMENT (BILL_NO,SUBTOTAL,TOTAL,DISCOUNT,TAX,BILL_DATE) values (14,2000,6000,'4%','8%',to_date('30-APR-17','DD-MON-RR'));
Insert into BATMAN12.BILL_PAYMENT (BILL_NO,SUBTOTAL,TOTAL,DISCOUNT,TAX,BILL_DATE) values (15,3000,4600,'4%','7%',to_date('05-MAR-17','DD-MON-RR'));
Insert into BATMAN12.BILL_PAYMENT (BILL_NO,SUBTOTAL,TOTAL,DISCOUNT,TAX,BILL_DATE) values (16,7500,9000,'1%','3%',to_date('02-JAN-17','DD-MON-RR'));
Insert into BATMAN12.BILL_PAYMENT (BILL_NO,SUBTOTAL,TOTAL,DISCOUNT,TAX,BILL_DATE) values (17,12100,15100,'4%','7%',to_date('28-MAR-17','DD-MON-RR'));
Insert into BATMAN12.BILL_PAYMENT (BILL_NO,SUBTOTAL,TOTAL,DISCOUNT,TAX,BILL_DATE) values (18,4700,8000,'2%','6%',to_date('12-JUN-17','DD-MON-RR'));
Insert into BATMAN12.BILL_PAYMENT (BILL_NO,SUBTOTAL,TOTAL,DISCOUNT,TAX,BILL_DATE) values (19,4300,7000,'1%','3%',to_date('03-JUN-17','DD-MON-RR'));
Insert into BATMAN12.BILL_PAYMENT (BILL_NO,SUBTOTAL,TOTAL,DISCOUNT,TAX,BILL_DATE) values (20,12250,14000,'2%','7%',to_date('21-FEB-17','DD-MON-RR'));
REM INSERTING into BATMAN12.CUST_DETAILS
SET DEFINE OFF;
Insert into BATMAN12.CUST_DETAILS (CUST_ID,NAME,ADDRESS,PHONE_NO,EMAIL_ID) values (1,'Imran Ahmed','Block 1, Street 2',123,'imran@xyz.com');
Insert into BATMAN12.CUST_DETAILS (CUST_ID,NAME,ADDRESS,PHONE_NO,EMAIL_ID) values (2,'Saif Taimoor','Block 3, Street 3',222,'saif@abc.com');
Insert into BATMAN12.CUST_DETAILS (CUST_ID,NAME,ADDRESS,PHONE_NO,EMAIL_ID) values (3,'Sara Khan','Block 10, Street 3',435,'sara@xyz.com');
Insert into BATMAN12.CUST_DETAILS (CUST_ID,NAME,ADDRESS,PHONE_NO,EMAIL_ID) values (4,'Junaid Hassan','Block 7, Street 3',434,'junaid@abc.com');
Insert into BATMAN12.CUST_DETAILS (CUST_ID,NAME,ADDRESS,PHONE_NO,EMAIL_ID) values (5,'Arsalan Umer','Block 8, Street 1',162,'arsalan@tuv.com');
Insert into BATMAN12.CUST_DETAILS (CUST_ID,NAME,ADDRESS,PHONE_NO,EMAIL_ID) values (6,'Ibrahim Tariq','Block 8, Street 8',325,'ibrahim@uvx.com');
Insert into BATMAN12.CUST_DETAILS (CUST_ID,NAME,ADDRESS,PHONE_NO,EMAIL_ID) values (7,'Arham Saeed','Block 2, Street 8',646,'arham@qrt.com');
Insert into BATMAN12.CUST_DETAILS (CUST_ID,NAME,ADDRESS,PHONE_NO,EMAIL_ID) values (8,'Mustaqeem Razak','Block 1, Strret 6',434,'mustaqeem@ert.com');
Insert into BATMAN12.CUST_DETAILS (CUST_ID,NAME,ADDRESS,PHONE_NO,EMAIL_ID) values (9,'Hassan Khan','Block 5, Strret 7',231,'hassan@qwe.com');
Insert into BATMAN12.CUST_DETAILS (CUST_ID,NAME,ADDRESS,PHONE_NO,EMAIL_ID) values (10,'Haism Qamar','Block 7, Street 9',879,'haism@tty.com');
Insert into BATMAN12.CUST_DETAILS (CUST_ID,NAME,ADDRESS,PHONE_NO,EMAIL_ID) values (11,'Imran Waqar','Block 10, Street 3',331,'imran@guv.com');
Insert into BATMAN12.CUST_DETAILS (CUST_ID,NAME,ADDRESS,PHONE_NO,EMAIL_ID) values (12,'Adnan Faiq','Block 3, Street 8',122,'adnan@zxc.com');
Insert into BATMAN12.CUST_DETAILS (CUST_ID,NAME,ADDRESS,PHONE_NO,EMAIL_ID) values (13,'Kamran Tariq','Block 1, Street 4',127,'kamran@ert.com');
Insert into BATMAN12.CUST_DETAILS (CUST_ID,NAME,ADDRESS,PHONE_NO,EMAIL_ID) values (14,'Kamil Mushtaq','Block 6, Strret 2',336,'kamil@bbn.com');
Insert into BATMAN12.CUST_DETAILS (CUST_ID,NAME,ADDRESS,PHONE_NO,EMAIL_ID) values (15,'Usama Noor','Block 9, Street 3',446,'usama@xyz.com');
Insert into BATMAN12.CUST_DETAILS (CUST_ID,NAME,ADDRESS,PHONE_NO,EMAIL_ID) values (16,'Mubeen Qaiser','Block 2, Street 5',667,'mubeen@uvx.com');
Insert into BATMAN12.CUST_DETAILS (CUST_ID,NAME,ADDRESS,PHONE_NO,EMAIL_ID) values (17,'Bilal Imam','Block 7, Street 9',768,'bilal@qrt.com');
Insert into BATMAN12.CUST_DETAILS (CUST_ID,NAME,ADDRESS,PHONE_NO,EMAIL_ID) values (18,'Idrees Shabbir','Block 3, Strret 2',796,'idrees@vux.comi');
Insert into BATMAN12.CUST_DETAILS (CUST_ID,NAME,ADDRESS,PHONE_NO,EMAIL_ID) values (19,'Talha Farooq','Block 2, Street 1',536,'talha@ytv.com');
Insert into BATMAN12.CUST_DETAILS (CUST_ID,NAME,ADDRESS,PHONE_NO,EMAIL_ID) values (20,'Hiba Anwar','Block 1, Street 7',667,'hiba@ssp.com');
REM INSERTING into BATMAN12.DATABASE_LOGIN
SET DEFINE OFF;
Insert into BATMAN12.DATABASE_LOGIN (USERNAME,PASSWORD) values ('batman12','3097elite');
REM INSERTING into BATMAN12.DURATION
SET DEFINE OFF;
Insert into BATMAN12.DURATION (DURATION_ID,CHECKIN,CHECKOUT,STATUS) values (1,to_date('01-JAN-17','DD-MON-RR'),to_date('05-JUN-17','DD-MON-RR'),'Leave');
Insert into BATMAN12.DURATION (DURATION_ID,CHECKIN,CHECKOUT,STATUS) values (2,to_date('15-JAN-17','DD-MON-RR'),to_date('25-JAN-17','DD-MON-RR'),'Leave');
Insert into BATMAN12.DURATION (DURATION_ID,CHECKIN,CHECKOUT,STATUS) values (3,to_date('05-FEB-17','DD-MON-RR'),to_date('01-MAR-17','DD-MON-RR'),'Leave');
Insert into BATMAN12.DURATION (DURATION_ID,CHECKIN,CHECKOUT,STATUS) values (4,to_date('04-JUN-17','DD-MON-RR'),to_date('22-JUN-17','DD-MON-RR'),'Leave');
Insert into BATMAN12.DURATION (DURATION_ID,CHECKIN,CHECKOUT,STATUS) values (5,to_date('07-FEB-17','DD-MON-RR'),to_date('16-FEB-17','DD-MON-RR'),'Leave');
Insert into BATMAN12.DURATION (DURATION_ID,CHECKIN,CHECKOUT,STATUS) values (6,to_date('02-MAR-17','DD-MON-RR'),to_date('01-APR-17','DD-MON-RR'),'Leave');
Insert into BATMAN12.DURATION (DURATION_ID,CHECKIN,CHECKOUT,STATUS) values (7,to_date('08-JAN-17','DD-MON-RR'),to_date('31-JAN-17','DD-MON-RR'),'Leave');
Insert into BATMAN12.DURATION (DURATION_ID,CHECKIN,CHECKOUT,STATUS) values (8,to_date('13-FEB-17','DD-MON-RR'),to_date('21-FEB-17','DD-MON-RR'),'Leave');
Insert into BATMAN12.DURATION (DURATION_ID,CHECKIN,CHECKOUT,STATUS) values (9,to_date('26-FEB-17','DD-MON-RR'),to_date('07-MAR-17','DD-MON-RR'),'Leave');
Insert into BATMAN12.DURATION (DURATION_ID,CHECKIN,CHECKOUT,STATUS) values (10,to_date('05-FEB-17','DD-MON-RR'),to_date('15-FEB-17','DD-MON-RR'),'Leave');
Insert into BATMAN12.DURATION (DURATION_ID,CHECKIN,CHECKOUT,STATUS) values (11,to_date('05-MAR-17','DD-MON-RR'),to_date('23-MAR-17','DD-MON-RR'),'Leave');
Insert into BATMAN12.DURATION (DURATION_ID,CHECKIN,CHECKOUT,STATUS) values (12,to_date('10-APR-17','DD-MON-RR'),to_date('20-APR-17','DD-MON-RR'),'Leave');
Insert into BATMAN12.DURATION (DURATION_ID,CHECKIN,CHECKOUT,STATUS) values (13,to_date('07-MAY-17','DD-MON-RR'),to_date('18-MAY-17','DD-MON-RR'),'Leave');
Insert into BATMAN12.DURATION (DURATION_ID,CHECKIN,CHECKOUT,STATUS) values (14,to_date('08-JAN-17','DD-MON-RR'),to_date('24-JAN-17','DD-MON-RR'),'Leave');
Insert into BATMAN12.DURATION (DURATION_ID,CHECKIN,CHECKOUT,STATUS) values (15,to_date('26-FEB-17','DD-MON-RR'),to_date('14-MAR-17','DD-MON-RR'),'Leave');
Insert into BATMAN12.DURATION (DURATION_ID,CHECKIN,CHECKOUT,STATUS) values (16,to_date('02-JAN-17','DD-MON-RR'),to_date('08-FEB-17','DD-MON-RR'),'Leave');
Insert into BATMAN12.DURATION (DURATION_ID,CHECKIN,CHECKOUT,STATUS) values (17,to_date('05-JAN-17','DD-MON-RR'),to_date('07-JAN-17','DD-MON-RR'),'Leave');
Insert into BATMAN12.DURATION (DURATION_ID,CHECKIN,CHECKOUT,STATUS) values (18,to_date('13-MAR-17','DD-MON-RR'),to_date('24-MAR-17','DD-MON-RR'),'Leave');
Insert into BATMAN12.DURATION (DURATION_ID,CHECKIN,CHECKOUT,STATUS) values (19,to_date('02-APR-17','DD-MON-RR'),to_date('13-APR-17','DD-MON-RR'),'Leave');
Insert into BATMAN12.DURATION (DURATION_ID,CHECKIN,CHECKOUT,STATUS) values (20,to_date('13-MAR-17','DD-MON-RR'),to_date('22-MAR-17','DD-MON-RR'),'Leave');
REM INSERTING into BATMAN12.EXTRA_CHARGES
SET DEFINE OFF;
Insert into BATMAN12.EXTRA_CHARGES (ID_EXTRA_CHARGES,RESTAURANT_CHARGES,GAME_CHARGES,LAUNDARY_CHARGES,SERVICE_CHARGES) values (1,3000,2000,2500,3000);
Insert into BATMAN12.EXTRA_CHARGES (ID_EXTRA_CHARGES,RESTAURANT_CHARGES,GAME_CHARGES,LAUNDARY_CHARGES,SERVICE_CHARGES) values (2,3000,1000,1000,1500);
Insert into BATMAN12.EXTRA_CHARGES (ID_EXTRA_CHARGES,RESTAURANT_CHARGES,GAME_CHARGES,LAUNDARY_CHARGES,SERVICE_CHARGES) values (3,5000,2200,1500,1200);
Insert into BATMAN12.EXTRA_CHARGES (ID_EXTRA_CHARGES,RESTAURANT_CHARGES,GAME_CHARGES,LAUNDARY_CHARGES,SERVICE_CHARGES) values (4,4500,2100,3200,2000);
Insert into BATMAN12.EXTRA_CHARGES (ID_EXTRA_CHARGES,RESTAURANT_CHARGES,GAME_CHARGES,LAUNDARY_CHARGES,SERVICE_CHARGES) values (5,3200,1200,1700,2200);
Insert into BATMAN12.EXTRA_CHARGES (ID_EXTRA_CHARGES,RESTAURANT_CHARGES,GAME_CHARGES,LAUNDARY_CHARGES,SERVICE_CHARGES) values (6,2200,1000,2000,3000);
Insert into BATMAN12.EXTRA_CHARGES (ID_EXTRA_CHARGES,RESTAURANT_CHARGES,GAME_CHARGES,LAUNDARY_CHARGES,SERVICE_CHARGES) values (7,3670,2000,3000,2500);
Insert into BATMAN12.EXTRA_CHARGES (ID_EXTRA_CHARGES,RESTAURANT_CHARGES,GAME_CHARGES,LAUNDARY_CHARGES,SERVICE_CHARGES) values (8,5400,2500,2000,1500);
Insert into BATMAN12.EXTRA_CHARGES (ID_EXTRA_CHARGES,RESTAURANT_CHARGES,GAME_CHARGES,LAUNDARY_CHARGES,SERVICE_CHARGES) values (9,2200,4000,1500,2000);
Insert into BATMAN12.EXTRA_CHARGES (ID_EXTRA_CHARGES,RESTAURANT_CHARGES,GAME_CHARGES,LAUNDARY_CHARGES,SERVICE_CHARGES) values (10,1200,2300,4000,3350);
Insert into BATMAN12.EXTRA_CHARGES (ID_EXTRA_CHARGES,RESTAURANT_CHARGES,GAME_CHARGES,LAUNDARY_CHARGES,SERVICE_CHARGES) values (11,3500,2000,2000,4000);
Insert into BATMAN12.EXTRA_CHARGES (ID_EXTRA_CHARGES,RESTAURANT_CHARGES,GAME_CHARGES,LAUNDARY_CHARGES,SERVICE_CHARGES) values (12,4000,3200,3000,2300);
Insert into BATMAN12.EXTRA_CHARGES (ID_EXTRA_CHARGES,RESTAURANT_CHARGES,GAME_CHARGES,LAUNDARY_CHARGES,SERVICE_CHARGES) values (13,2300,1500,4000,1300);
Insert into BATMAN12.EXTRA_CHARGES (ID_EXTRA_CHARGES,RESTAURANT_CHARGES,GAME_CHARGES,LAUNDARY_CHARGES,SERVICE_CHARGES) values (14,5100,1000,1000,4100);
Insert into BATMAN12.EXTRA_CHARGES (ID_EXTRA_CHARGES,RESTAURANT_CHARGES,GAME_CHARGES,LAUNDARY_CHARGES,SERVICE_CHARGES) values (15,2200,4000,1700,2200);
Insert into BATMAN12.EXTRA_CHARGES (ID_EXTRA_CHARGES,RESTAURANT_CHARGES,GAME_CHARGES,LAUNDARY_CHARGES,SERVICE_CHARGES) values (16,3000,2000,3000,2200);
Insert into BATMAN12.EXTRA_CHARGES (ID_EXTRA_CHARGES,RESTAURANT_CHARGES,GAME_CHARGES,LAUNDARY_CHARGES,SERVICE_CHARGES) values (17,2000,1700,1300,2300);
Insert into BATMAN12.EXTRA_CHARGES (ID_EXTRA_CHARGES,RESTAURANT_CHARGES,GAME_CHARGES,LAUNDARY_CHARGES,SERVICE_CHARGES) values (18,4000,1000,2300,4300);
Insert into BATMAN12.EXTRA_CHARGES (ID_EXTRA_CHARGES,RESTAURANT_CHARGES,GAME_CHARGES,LAUNDARY_CHARGES,SERVICE_CHARGES) values (19,2000,3000,4400,2100);
Insert into BATMAN12.EXTRA_CHARGES (ID_EXTRA_CHARGES,RESTAURANT_CHARGES,GAME_CHARGES,LAUNDARY_CHARGES,SERVICE_CHARGES) values (20,2300,4000,5500,2000);
REM INSERTING into BATMAN12.ROOM_DETAILS
SET DEFINE OFF;
Insert into BATMAN12.ROOM_DETAILS (ROOM_NO,ROOM_COST,FLOOR_NO,ROOM_TYPE,AC_NONAC_ROOM) values (1,12000,2,'4 Star','AC');
Insert into BATMAN12.ROOM_DETAILS (ROOM_NO,ROOM_COST,FLOOR_NO,ROOM_TYPE,AC_NONAC_ROOM) values (2,5500,3,'3 Star','AC');
Insert into BATMAN12.ROOM_DETAILS (ROOM_NO,ROOM_COST,FLOOR_NO,ROOM_TYPE,AC_NONAC_ROOM) values (3,7000,1,'1 Star','NONAC');
Insert into BATMAN12.ROOM_DETAILS (ROOM_NO,ROOM_COST,FLOOR_NO,ROOM_TYPE,AC_NONAC_ROOM) values (4,13000,2,'5 Star','AC');
Insert into BATMAN12.ROOM_DETAILS (ROOM_NO,ROOM_COST,FLOOR_NO,ROOM_TYPE,AC_NONAC_ROOM) values (5,5000,3,'2 Star','NONAC');
Insert into BATMAN12.ROOM_DETAILS (ROOM_NO,ROOM_COST,FLOOR_NO,ROOM_TYPE,AC_NONAC_ROOM) values (6,11000,1,'4 Star','AC');
Insert into BATMAN12.ROOM_DETAILS (ROOM_NO,ROOM_COST,FLOOR_NO,ROOM_TYPE,AC_NONAC_ROOM) values (7,5000,2,'2 Star','NONAC');
Insert into BATMAN12.ROOM_DETAILS (ROOM_NO,ROOM_COST,FLOOR_NO,ROOM_TYPE,AC_NONAC_ROOM) values (8,7000,1,'2 Star','NONAC');
Insert into BATMAN12.ROOM_DETAILS (ROOM_NO,ROOM_COST,FLOOR_NO,ROOM_TYPE,AC_NONAC_ROOM) values (9,11000,3,'3 Star','AC');
Insert into BATMAN12.ROOM_DETAILS (ROOM_NO,ROOM_COST,FLOOR_NO,ROOM_TYPE,AC_NONAC_ROOM) values (10,4500,1,'1 Star','NONAC');
Insert into BATMAN12.ROOM_DETAILS (ROOM_NO,ROOM_COST,FLOOR_NO,ROOM_TYPE,AC_NONAC_ROOM) values (11,13000,3,'4 Star','AC');
Insert into BATMAN12.ROOM_DETAILS (ROOM_NO,ROOM_COST,FLOOR_NO,ROOM_TYPE,AC_NONAC_ROOM) values (12,6000,2,'1 Star','NONAC');
Insert into BATMAN12.ROOM_DETAILS (ROOM_NO,ROOM_COST,FLOOR_NO,ROOM_TYPE,AC_NONAC_ROOM) values (13,15000,2,'3 Star','AC');
Insert into BATMAN12.ROOM_DETAILS (ROOM_NO,ROOM_COST,FLOOR_NO,ROOM_TYPE,AC_NONAC_ROOM) values (14,12000,1,'4 Star','AC');
Insert into BATMAN12.ROOM_DETAILS (ROOM_NO,ROOM_COST,FLOOR_NO,ROOM_TYPE,AC_NONAC_ROOM) values (15,6000,2,'3 Star','AC');
Insert into BATMAN12.ROOM_DETAILS (ROOM_NO,ROOM_COST,FLOOR_NO,ROOM_TYPE,AC_NONAC_ROOM) values (16,4000,1,'1 Star','NONAC');
Insert into BATMAN12.ROOM_DETAILS (ROOM_NO,ROOM_COST,FLOOR_NO,ROOM_TYPE,AC_NONAC_ROOM) values (17,7000,1,'2 Star','NONAC');
Insert into BATMAN12.ROOM_DETAILS (ROOM_NO,ROOM_COST,FLOOR_NO,ROOM_TYPE,AC_NONAC_ROOM) values (18,13000,3,'4 Star','AC');
Insert into BATMAN12.ROOM_DETAILS (ROOM_NO,ROOM_COST,FLOOR_NO,ROOM_TYPE,AC_NONAC_ROOM) values (19,17000,1,'5 Star','AC');
Insert into BATMAN12.ROOM_DETAILS (ROOM_NO,ROOM_COST,FLOOR_NO,ROOM_TYPE,AC_NONAC_ROOM) values (20,8000,2,'4 Star','AC');
--------------------------------------------------------
--  DDL for Index BILL_PAYMENT_PK
--------------------------------------------------------

  CREATE UNIQUE INDEX "BATMAN12"."BILL_PAYMENT_PK" ON "BATMAN12"."BILL_PAYMENT" ("BILL_NO") 
  PCTFREE 10 INITRANS 2 MAXTRANS 255 COMPUTE STATISTICS 
  STORAGE(INITIAL 65536 NEXT 1048576 MINEXTENTS 1 MAXEXTENTS 2147483645
  PCTINCREASE 0 FREELISTS 1 FREELIST GROUPS 1 BUFFER_POOL DEFAULT FLASH_CACHE DEFAULT CELL_FLASH_CACHE DEFAULT)
  TABLESPACE "SYSTEM" ;
--------------------------------------------------------
--  DDL for Index CUST_DETAILS_PK
--------------------------------------------------------

  CREATE UNIQUE INDEX "BATMAN12"."CUST_DETAILS_PK" ON "BATMAN12"."CUST_DETAILS" ("CUST_ID") 
  PCTFREE 10 INITRANS 2 MAXTRANS 255 COMPUTE STATISTICS 
  STORAGE(INITIAL 65536 NEXT 1048576 MINEXTENTS 1 MAXEXTENTS 2147483645
  PCTINCREASE 0 FREELISTS 1 FREELIST GROUPS 1 BUFFER_POOL DEFAULT FLASH_CACHE DEFAULT CELL_FLASH_CACHE DEFAULT)
  TABLESPACE "SYSTEM" ;
--------------------------------------------------------
--  DDL for Index DURATION_PK
--------------------------------------------------------

  CREATE UNIQUE INDEX "BATMAN12"."DURATION_PK" ON "BATMAN12"."DURATION" ("DURATION_ID") 
  PCTFREE 10 INITRANS 2 MAXTRANS 255 COMPUTE STATISTICS 
  STORAGE(INITIAL 65536 NEXT 1048576 MINEXTENTS 1 MAXEXTENTS 2147483645
  PCTINCREASE 0 FREELISTS 1 FREELIST GROUPS 1 BUFFER_POOL DEFAULT FLASH_CACHE DEFAULT CELL_FLASH_CACHE DEFAULT)
  TABLESPACE "SYSTEM" ;
--------------------------------------------------------
--  DDL for Index EXTRA_CHARGES_PK
--------------------------------------------------------

  CREATE UNIQUE INDEX "BATMAN12"."EXTRA_CHARGES_PK" ON "BATMAN12"."EXTRA_CHARGES" ("ID_EXTRA_CHARGES") 
  PCTFREE 10 INITRANS 2 MAXTRANS 255 COMPUTE STATISTICS 
  STORAGE(INITIAL 65536 NEXT 1048576 MINEXTENTS 1 MAXEXTENTS 2147483645
  PCTINCREASE 0 FREELISTS 1 FREELIST GROUPS 1 BUFFER_POOL DEFAULT FLASH_CACHE DEFAULT CELL_FLASH_CACHE DEFAULT)
  TABLESPACE "SYSTEM" ;
--------------------------------------------------------
--  DDL for Index ROOM_DETAILS_PK
--------------------------------------------------------

  CREATE UNIQUE INDEX "BATMAN12"."ROOM_DETAILS_PK" ON "BATMAN12"."ROOM_DETAILS" ("ROOM_NO") 
  PCTFREE 10 INITRANS 2 MAXTRANS 255 COMPUTE STATISTICS 
  STORAGE(INITIAL 65536 NEXT 1048576 MINEXTENTS 1 MAXEXTENTS 2147483645
  PCTINCREASE 0 FREELISTS 1 FREELIST GROUPS 1 BUFFER_POOL DEFAULT FLASH_CACHE DEFAULT CELL_FLASH_CACHE DEFAULT)
  TABLESPACE "SYSTEM" ;
--------------------------------------------------------
--  Constraints for Table BILL_PAYMENT
--------------------------------------------------------

  ALTER TABLE "BATMAN12"."BILL_PAYMENT" ADD CONSTRAINT "BILL_PAYMENT_PK" PRIMARY KEY ("BILL_NO")
  USING INDEX PCTFREE 10 INITRANS 2 MAXTRANS 255 COMPUTE STATISTICS 
  STORAGE(INITIAL 65536 NEXT 1048576 MINEXTENTS 1 MAXEXTENTS 2147483645
  PCTINCREASE 0 FREELISTS 1 FREELIST GROUPS 1 BUFFER_POOL DEFAULT FLASH_CACHE DEFAULT CELL_FLASH_CACHE DEFAULT)
  TABLESPACE "SYSTEM"  ENABLE;
  ALTER TABLE "BATMAN12"."BILL_PAYMENT" MODIFY ("BILL_NO" NOT NULL ENABLE);
--------------------------------------------------------
--  Constraints for Table CUST_DETAILS
--------------------------------------------------------

  ALTER TABLE "BATMAN12"."CUST_DETAILS" ADD CONSTRAINT "CUST_DETAILS_PK" PRIMARY KEY ("CUST_ID")
  USING INDEX PCTFREE 10 INITRANS 2 MAXTRANS 255 COMPUTE STATISTICS 
  STORAGE(INITIAL 65536 NEXT 1048576 MINEXTENTS 1 MAXEXTENTS 2147483645
  PCTINCREASE 0 FREELISTS 1 FREELIST GROUPS 1 BUFFER_POOL DEFAULT FLASH_CACHE DEFAULT CELL_FLASH_CACHE DEFAULT)
  TABLESPACE "SYSTEM"  ENABLE;
  ALTER TABLE "BATMAN12"."CUST_DETAILS" MODIFY ("NAME" NOT NULL ENABLE);
  ALTER TABLE "BATMAN12"."CUST_DETAILS" MODIFY ("CUST_ID" NOT NULL ENABLE);
--------------------------------------------------------
--  Constraints for Table DURATION
--------------------------------------------------------

  ALTER TABLE "BATMAN12"."DURATION" ADD CONSTRAINT "DURATION_PK" PRIMARY KEY ("DURATION_ID")
  USING INDEX PCTFREE 10 INITRANS 2 MAXTRANS 255 COMPUTE STATISTICS 
  STORAGE(INITIAL 65536 NEXT 1048576 MINEXTENTS 1 MAXEXTENTS 2147483645
  PCTINCREASE 0 FREELISTS 1 FREELIST GROUPS 1 BUFFER_POOL DEFAULT FLASH_CACHE DEFAULT CELL_FLASH_CACHE DEFAULT)
  TABLESPACE "SYSTEM"  ENABLE;
  ALTER TABLE "BATMAN12"."DURATION" MODIFY ("DURATION_ID" NOT NULL ENABLE);
--------------------------------------------------------
--  Constraints for Table EXTRA_CHARGES
--------------------------------------------------------

  ALTER TABLE "BATMAN12"."EXTRA_CHARGES" ADD CONSTRAINT "EXTRA_CHARGES_PK" PRIMARY KEY ("ID_EXTRA_CHARGES")
  USING INDEX PCTFREE 10 INITRANS 2 MAXTRANS 255 COMPUTE STATISTICS 
  STORAGE(INITIAL 65536 NEXT 1048576 MINEXTENTS 1 MAXEXTENTS 2147483645
  PCTINCREASE 0 FREELISTS 1 FREELIST GROUPS 1 BUFFER_POOL DEFAULT FLASH_CACHE DEFAULT CELL_FLASH_CACHE DEFAULT)
  TABLESPACE "SYSTEM"  ENABLE;
  ALTER TABLE "BATMAN12"."EXTRA_CHARGES" MODIFY ("ID_EXTRA_CHARGES" NOT NULL ENABLE);
--------------------------------------------------------
--  Constraints for Table ROOM_DETAILS
--------------------------------------------------------

  ALTER TABLE "BATMAN12"."ROOM_DETAILS" ADD CONSTRAINT "ROOM_DETAILS_PK" PRIMARY KEY ("ROOM_NO")
  USING INDEX PCTFREE 10 INITRANS 2 MAXTRANS 255 COMPUTE STATISTICS 
  STORAGE(INITIAL 65536 NEXT 1048576 MINEXTENTS 1 MAXEXTENTS 2147483645
  PCTINCREASE 0 FREELISTS 1 FREELIST GROUPS 1 BUFFER_POOL DEFAULT FLASH_CACHE DEFAULT CELL_FLASH_CACHE DEFAULT)
  TABLESPACE "SYSTEM"  ENABLE;
  ALTER TABLE "BATMAN12"."ROOM_DETAILS" MODIFY ("ROOM_NO" NOT NULL ENABLE);
--------------------------------------------------------
--  Ref Constraints for Table BILL_PAYMENT
--------------------------------------------------------

  ALTER TABLE "BATMAN12"."BILL_PAYMENT" ADD CONSTRAINT "BILL_DUR_FOREIGN" FOREIGN KEY ("BILL_NO")
	  REFERENCES "BATMAN12"."DURATION" ("DURATION_ID") ENABLE;
  ALTER TABLE "BATMAN12"."BILL_PAYMENT" ADD CONSTRAINT "BILL_EXTRA_FOREIGN" FOREIGN KEY ("BILL_NO")
	  REFERENCES "BATMAN12"."EXTRA_CHARGES" ("ID_EXTRA_CHARGES") ENABLE;
--------------------------------------------------------
--  Ref Constraints for Table CUST_DETAILS
--------------------------------------------------------

  ALTER TABLE "BATMAN12"."CUST_DETAILS" ADD CONSTRAINT "CUST_DUR_FOREIGN" FOREIGN KEY ("CUST_ID")
	  REFERENCES "BATMAN12"."DURATION" ("DURATION_ID") ENABLE;
  ALTER TABLE "BATMAN12"."CUST_DETAILS" ADD CONSTRAINT "ROOM_DETAILS_FOREIGN" FOREIGN KEY ("CUST_ID")
	  REFERENCES "BATMAN12"."ROOM_DETAILS" ("ROOM_NO") ENABLE;
--------------------------------------------------------
--  Ref Constraints for Table DURATION
--------------------------------------------------------

  ALTER TABLE "BATMAN12"."DURATION" ADD CONSTRAINT "DUR_BILL_FOREIGN" FOREIGN KEY ("DURATION_ID")
	  REFERENCES "BATMAN12"."BILL_PAYMENT" ("BILL_NO") ENABLE;
  ALTER TABLE "BATMAN12"."DURATION" ADD CONSTRAINT "DUR_CUST_FOREIGN" FOREIGN KEY ("DURATION_ID")
	  REFERENCES "BATMAN12"."CUST_DETAILS" ("CUST_ID") ENABLE;
  ALTER TABLE "BATMAN12"."DURATION" ADD CONSTRAINT "DUR_EXTRA_FOREIGN" FOREIGN KEY ("DURATION_ID")
	  REFERENCES "BATMAN12"."EXTRA_CHARGES" ("ID_EXTRA_CHARGES") ENABLE;
  ALTER TABLE "BATMAN12"."DURATION" ADD CONSTRAINT "DUR_ROOM_FOREIGN" FOREIGN KEY ("DURATION_ID")
	  REFERENCES "BATMAN12"."ROOM_DETAILS" ("ROOM_NO") ENABLE;
--------------------------------------------------------
--  Ref Constraints for Table EXTRA_CHARGES
--------------------------------------------------------

  ALTER TABLE "BATMAN12"."EXTRA_CHARGES" ADD CONSTRAINT "EXTRA_BILL_FOREIGN" FOREIGN KEY ("ID_EXTRA_CHARGES")
	  REFERENCES "BATMAN12"."BILL_PAYMENT" ("BILL_NO") ENABLE;
  ALTER TABLE "BATMAN12"."EXTRA_CHARGES" ADD CONSTRAINT "EXTRA_DUR_FOREIGN" FOREIGN KEY ("ID_EXTRA_CHARGES")
	  REFERENCES "BATMAN12"."DURATION" ("DURATION_ID") ENABLE;
--------------------------------------------------------
--  Ref Constraints for Table ROOM_DETAILS
--------------------------------------------------------

  ALTER TABLE "BATMAN12"."ROOM_DETAILS" ADD CONSTRAINT "CUST_DETAILS_FOREIGN" FOREIGN KEY ("ROOM_NO")
	  REFERENCES "BATMAN12"."CUST_DETAILS" ("CUST_ID") ENABLE;
  ALTER TABLE "BATMAN12"."ROOM_DETAILS" ADD CONSTRAINT "ROOM_DUR_FOREIGN" FOREIGN KEY ("ROOM_NO")
	  REFERENCES "BATMAN12"."DURATION" ("DURATION_ID") ENABLE;
